{"inputUnits":[34],"outputUnits":7,"inputs":{"0":{"dtype":"number","min":97.58793434901544,"max":574.464805558411},"1":{"dtype":"number","min":120.44726143106382,"max":391.84911538285814},"2":{"dtype":"number","min":92.31118958828277,"max":601.1744707787943},"3":{"dtype":"number","min":109.98800058346276,"max":388.22449087399485},"4":{"dtype":"number","min":93.86791385405245,"max":567.4461903116623},"5":{"dtype":"number","min":111.67949713693957,"max":400.3800842404133},"6":{"dtype":"number","min":75.74251855325977,"max":640.8092770938985},"7":{"dtype":"number","min":114.54885739332053,"max":395.4390468188429},"8":{"dtype":"number","min":78.99560307433963,"max":554.4288421095463},"9":{"dtype":"number","min":119.29387053551031,"max":394.497257106253},"10":{"dtype":"number","min":96.65124874598334,"max":646.129001669484},"11":{"dtype":"number","min":172.27005926953885,"max":375.94787329958194},"12":{"dtype":"number","min":87.82281113414504,"max":580.931112724438},"13":{"dtype":"number","min":178.89543488708853,"max":421.6307142231664},"14":{"dtype":"number","min":114.66254816185429,"max":643.1327394481755},"15":{"dtype":"number","min":235.6764917206346,"max":446.90885963960466},"16":{"dtype":"number","min":103.13201190435397,"max":552.272241306119},"17":{"dtype":"number","min":198.78844493546217,"max":438.1954358939306},"18":{"dtype":"number","min":111.20961209719175,"max":639.1404857226514},"19":{"dtype":"number","min":194.03369271499605,"max":517.7233755844146},"20":{"dtype":"number","min":116.48191009580972,"max":523.0375138965034},"21":{"dtype":"number","min":161.58026459156653,"max":447.2754626060322},"22":{"dtype":"number","min":126.77688747353953,"max":601.8746106480529},"23":{"dtype":"number","min":253.21982638412982,"max":513.704536542093},"24":{"dtype":"number","min":120.22875605503252,"max":566.4988550851684},"25":{"dtype":"number","min":252.8669640613578,"max":469.6368699696561},"26":{"dtype":"number","min":136.22544524730066,"max":596.6665784750301},"27":{"dtype":"number","min":305.17848975941916,"max":567.5162040606344},"28":{"dtype":"number","min":120.2624448512265,"max":564.064652292352},"29":{"dtype":"number","min":300.26115402608355,"max":557.508681001719},"30":{"dtype":"number","min":122.20880162646198,"max":597.2006023325185},"31":{"dtype":"number","min":307.70484493025094,"max":563.3162095811632},"32":{"dtype":"number","min":122.07454659088313,"max":579.1949696382816},"33":{"dtype":"number","min":316.3037234300758,"max":560.2822770384552}},"outputs":{"0":{"dtype":"string","min":0,"max":1,"uniqueValues":["u","s","t","l","g","w","f"],"legend":{"u":[1,0,0,0,0,0,0],"s":[0,1,0,0,0,0,0],"t":[0,0,1,0,0,0,0],"l":[0,0,0,1,0,0,0],"g":[0,0,0,0,1,0,0],"w":[0,0,0,0,0,1,0],"f":[0,0,0,0,0,0,1]}}},"isNormalized":true}